"id","facility_id","datim_id","facility_name","facility_state","facility_lga","ip_code","ip_name","patient_count"
1,1874,"qY7ZkVcos1O","Song Cottage Hospital","Adamawa","Song",20250000,"ACE-1",4207
2,1881,"GbtTSJLBKbI","St. Francis Hospital","Adamawa","Yola North",20250000,"ACE-1",5111
3,1391,"W387n0fbylW","Adamawa Hospital Yola","Adamawa","Yola South",20250000,"ACE-1",1608
4,1459,"Pjak5oARJBf","Borrong General Hospital","Adamawa","Demsa",20250000,"ACE-1",410
5,1460,"RoxOslFYbmA","Boshong Health Clinic","Adamawa","Yola North",20250000,"ACE-1",1502
6,1471,"apo2hT9i94X","Girei B Clinic","Adamawa","Girei",20250000,"ACE-1",805
7,1538,"KrHj7Ycvctj","Fufore Cottage Hospital","Adamawa","Fufore",20250000,"ACE-1",3409
8,1545,"WjDvZSLT4i5","Ganye General Hospital","Adamawa","Ganye",20250000,"ACE-1",7098
9,1546,"R2bNqBqJUIw","Garkida General Hospital","Adamawa","Gombi",20250000,"ACE-1",2962
10,1552,"J2AZkcaFst0","G.D.Chanrai Memorial Hospital","Adamawa","Yola South",20250000,"ACE-1",329
11,1576,"wAZ9LXoASUu","Guyuk General Hospital","Adamawa","Guyuk",20250000,"ACE-1",1540
12,1587,"cVnKorgLC9B","Hong Cottage Hospital","Adamawa","Hong",20250000,"ACE-1",2361
13,1711,"zxSXLppge0P","Maiha Cottage Hospital","Adamawa","Maiha",20250000,"ACE-1",1088
14,1712,"hozfIkuo4eE","Major Aminu Urban Health Centre","Adamawa","Yola North",20250000,"ACE-1",682
15,1722,"S5HvxHdK2Vt","Mayo Belwa Cottage Hospital","Adamawa","Mayo-Belwa",20250000,"ACE-1",3513
16,1739,"Nx613mKHzsk","Michika General Hospital","Adamawa","Michika",20250000,"ACE-1",4153
17,1750,"XyFDmlevgCu","Mubi General Hospital","Adamawa","Mubi South",20250000,"ACE-1",11207
18,1771,"KXoSesiSLeE","Numan General Hospital","Adamawa","Numan",20250000,"ACE-1",6794
19,1825,"RRPYgMWYw4h","Peace Hospital Jimeta","Adamawa","Yola North",20250000,"ACE-1",800
20,1901,"SSB1jXm3jdi","Toungo Cottage Hospital","Adamawa","Toungo",20250000,"ACE-1",1367
21,1903,"l01zG9ePfqt","Jada Township Clinic","Adamawa","Jada",20250000,"ACE-1",1032
22,1904,"DqWvsU2R8rw","Mayo-Belwa Township Clinic","Adamawa","Mayo-Belwa",20250000,"ACE-1",142
23,1949,"gfEDfny3Hp0","Wauro-Jabbe Health Centre","Adamawa","Yola South",20250000,"ACE-1",117
24,1962,"RxLmSTf6Kpl","Yola Federal Medical Centre","Adamawa","Yola South",20250000,"ACE-1",13227
25,1963,"E1PW0PYkvDx","Yola KP OSS","Adamawa","Yola North",20320000,"SFH-KP-CARE 2",16512
26,1964,"DPA6BxE9pzQ","Yola Specialist Hospital","Adamawa","Yola North",20250000,"ACE-1",15271
27,1966,"x7TBWFDy1GZ","Cottage Hospital Gulak","Adamawa","Madagali",20250000,"ACE-1",257
28,1968,"iPViA45Cl3G","Mubi KP OSS","Adamawa","Mubi North",20320000,"SFH-KP-CARE 2",8484
29,1946,"nnjEYKiOt3O","Uyo St Athanasius Medical Centre","Akwa Ibom","Uyo",20290000,"ACE-5",548
30,1386,"dmrFYPiuKAA","Base Abat Primary Health Centre","Akwa Ibom","Onna",20290000,"ACE-5",373
31,1388,"Ptnp8JFEIm0","Abiakpo Ikot Essien Health Centre","Akwa Ibom","Ikot Ekpene",20290000,"ACE-5",81
32,1818,"QWkhj6LkQMO","Oruko Primary Health Centre","Akwa Ibom","Urue-Offong/Oruko",20290000,"ACE-5",168
33,1624,"uz0kFwLBXqH","Ikot Ebak Poly Clinic","Akwa Ibom","Eket",20290000,"ACE-5",18775
34,1393,"gsw0bzX58MQ","Adiasim Health Centre","Akwa Ibom","Essien Udim",20290000,"ACE-5",139
35,1394,"ulunZz6L3UM","Afaha Effiong OP Base Model Primary Health Centre","Akwa Ibom","Nsit Ibom",20290000,"ACE-5",16162
36,1395,"Xa1RCh7Z2aC","Afaha Ikot Ebak Primary Health Centre","Akwa Ibom","Essien Udim",20290000,"ACE-5",339
37,1396,"zbFMCQu3vef","Afaha Obong Primary Health Centre","Akwa Ibom","Abak",20290000,"ACE-5",85
38,1408,"lbahxODJXCM","Akai Ubium Cottage Hospital","Akwa Ibom","Nsit Ubium",20290000,"ACE-5",782
39,1415,"mxeORAzNzal","Akpautong Mt. Camel Hospital","Akwa Ibom","Ibesikpo Asutan",20290000,"ACE-5",953
40,1446,"C0810vNbF7i","Base Ikot Abasi Primary Health Centre","Akwa Ibom","Ikot Abasi",20290000,"ACE-5",22035
41,1447,"O7ZT10hlis4","Base Urue Offong Primary Health Centre","Akwa Ibom","Urue-Offong/Oruko",20290000,"ACE-5",195
42,1474,"mLQcXu4kwJW","Confidence Maternity/Health care Services","Akwa Ibom","Ikot Ekpene",20290000,"ACE-5",95
43,1486,"xFHZJRTTmlh","Demak Clinic","Akwa Ibom","Ikot Ekpene",20290000,"ACE-5",295
44,1494,"KPbHmQq5497","Ebom Primary Health Center","Akwa Ibom","Abak",20290000,"ACE-5",498
45,1495,"wByDgXTFiHI","Ebughu Primary Health Center","Akwa Ibom","Mbo",20290000,"ACE-5",467
46,1496,"HbrrJf2LRp5","Ediene I Health Centre","Akwa Ibom","Ikono",20290000,"ACE-5",157
47,1497,"jfE3XKBsFEv","Effoi Primary Health Centre","Akwa Ibom","Eket",20290000,"ACE-5",570
48,1501,"QpIjNJI8vUS","Eket Immanuel General Hospital","Akwa Ibom","Eket",20290000,"ACE-5",13591
49,1502,"n2XQ6lwoh1F","Eket KP One Stop Shop","Akwa Ibom","Eket",20310000,"HAN-KP-CARE 1",16829
50,1504,"c3kbJokGc4i","Ekparakwa Health Centre","Akwa Ibom","Oruk Anam",20290000,"ACE-5",659
51,1505,"l1uvWVMaokB","Ekpene Ibia Primary Health Center","Akwa Ibom","Uruan",20290000,"ACE-5",578
52,1506,"orIlCoztYMt","Ekpene Obo Cottage Hospital","Akwa Ibom","Esit Eket",20290000,"ACE-5",1692
53,1507,"j4Hmo4w9Lia","Ekpene Obom QIC RH","Akwa Ibom","Etinan",20290000,"ACE-5",4413
54,1508,"U2K4ultRYwn","Ekpenyong 1 Midim Atan Health Centre","Akwa Ibom","Essien Udim",20290000,"ACE-5",58
55,1512,"xczGTH4Vt97","Ememobong Maternity","Akwa Ibom","Ikot Ekpene",20290000,"ACE-5",192
56,1514,"K66w8LC7LCL","Enwang Primary Health Centre","Akwa Ibom","Mbo",20290000,"ACE-5",30001
57,1516,"KXfvlSNOaBj","Esin Ufot Primary Health Centre","Akwa Ibom","Oron",20290000,"ACE-5",1150
58,1518,"FKlk0W9Cyp1","Etim Ekpo General Hospital","Akwa Ibom","Etim Ekpo",20290000,"ACE-5",9766
59,1519,"Zc488VQQEt0","Etim Ekpo Primary Health Centre","Akwa Ibom","Etim Ekpo",20290000,"ACE-5",324
60,1520,"iaDfLinhr5R","Etinan General Hospital","Akwa Ibom","Etinan",20290000,"ACE-5",14796
61,1521,"PHZvwBEXVNN","Etinan Primary Health Centre","Akwa Ibom","Etinan",20290000,"ACE-5",528
62,1522,"HoVrqZFMKYD","Etip Ediene Primary Health Centre","Akwa Ibom","Ikono",20290000,"ACE-5",73
63,1524,"Zx9325ho5c7","Evergreen Medical Centre","Akwa Ibom","Ikot Ekpene",20290000,"ACE-5",187
64,1525,"jg0VSQiAIZZ","Eweme Model Primary Health Centre","Akwa Ibom","Okobo",20290000,"ACE-5",338
65,1526,"oCg2otG1srn","Eyo Abasi Health Post","Akwa Ibom","Oron",20290000,"ACE-5",422
66,1527,"E3oAjMwPTJx","Eyo Okponung Primary Health Centre","Akwa Ibom","Udung Uko",20290000,"ACE-5",12452
67,1528,"tnkmHqHxeyp","Eyofin Primary Health Centre","Akwa Ibom","Udung Uko",20290000,"ACE-5",259
68,1536,"haVyJANCBNp","First Line Clinics and Surgery","Akwa Ibom","Uyo",20290000,"ACE-5",181
69,1548,"CCcAjuVA9e3","Gateway Hospital","Akwa Ibom","Uyo",20290000,"ACE-5",382
70,1590,"A1xxdELs2fm","Ibaka Primary Health Centre","Akwa Ibom","Mbo",20290000,"ACE-5",661
71,1592,"IT1CAw7NmXo","Ibeno Cottage Hospital","Akwa Ibom","Ibeno",20290000,"ACE-5",27378
72,1593,"w5eSPCsTUXh","Ibiaku Isshiet Primary Health Centre","Akwa Ibom","Uruan",20290000,"ACE-5",542
73,1594,"Tk24Hw61cVU","Ibiaku Primary Health Centre (BASE)","Akwa Ibom","Ikono",20290000,"ACE-5",166
74,1595,"rVULNREkq0q","Ibiaku-Uruan Primary Health Centre","Akwa Ibom","Uruan",20290000,"ACE-5",271
75,1597,"UcFUTdO5sQv","Ibiono Handmaids Hospital","Akwa Ibom","Ibiono Ibom",20290000,"ACE-5",14297
76,1598,"IQPiXfRGT1k","Ibiono Palmer Memorial Hospital","Akwa Ibom","Ibiono Ibom",20290000,"ACE-5",2576
77,1599,"OX2RLpRPBK4","Idoro Obio Health Centre","Akwa Ibom","Uyo",20290000,"ACE-5",711
78,1600,"lQTQ4TXvJyY","Idu-Uruan Primary Health Centre","Akwa Ibom","Uruan",20290000,"ACE-5",2115
79,1601,"CTL8iNhJwBB","Idua Assang Health Post","Akwa Ibom","Oron",20290000,"ACE-5",338
80,1602,"jTiweHpRvd4","Idung Assan Health Centre","Akwa Ibom","Esit Eket",20290000,"ACE-5",12681
81,1603,"wj03dAcVomS","Ifa Atai Health Post","Akwa Ibom","Uyo",20290000,"ACE-5",689
82,1612,"jJwndfpsyuh","Iko Town Primary Health Centre","Akwa Ibom","Eastern Obolo",20290000,"ACE-5",14269
83,1614,"mKEIEuNoACH","Ikono General Hospital","Akwa Ibom","Ikono",20290000,"ACE-5",8464
84,1616,"cYvZUmSQTyQ","Ikot Abasi General Hospital","Akwa Ibom","Ikot Abasi",20290000,"ACE-5",4028
85,1617,"x46m45UoY7H","Ikot Abia Cottage Hospital","Akwa Ibom","Mkpat Enin",20290000,"ACE-5",828
86,1618,"YkKtpQkI0DA","Ikot Adaidem Primary Health Centre","Akwa Ibom","Ibiono Ibom",20290000,"ACE-5",744
87,1619,"PBvN0n4G8hf","Ikot Akpa Ntuk Primary Health Centre","Akwa Ibom","Ukanafun",20290000,"ACE-5",11174
88,1620,"B1Bapm1p7o3","Ikot Akpan Effia Health Centre","Akwa Ibom","Essien Udim",20290000,"ACE-5",140
89,1621,"nGR9a1EEjSe","Ikot Akpan Essien Health Centre","Akwa Ibom","Oruk Anam",20290000,"ACE-5",350
90,1622,"KVtbjy9j27f","Ikot Andem Itam Primary Health Centre","Akwa Ibom","Itu",20290000,"ACE-5",104
91,1623,"OvwdEjZGjKt","Ikot Ayan Ikono Primary Health Centre","Akwa Ibom","Uyo",20290000,"ACE-5",295
92,1625,"FUujN2317DQ","Ikot Ebo Health Centre","Akwa Ibom","Etim Ekpo",20290000,"ACE-5",117
93,1626,"rSmFsJpZIM9","Ikot Edebe Health Centre","Akwa Ibom","Nsit Atai",20290000,"ACE-5",357
94,1629,"lcN4UPIp3pu","Ikot Eko Ibon General Hospital","Akwa Ibom","Onna",20290000,"ACE-5",428
95,1630,"Pm2KhqiRnrM","Ikot Ekpene General Hospital","Akwa Ibom","Ikot Ekpene",20290000,"ACE-5",13821
96,1631,"EEDw1M2T55Y","Ikot Ekpene Infectious Disease Hospital","Akwa Ibom","Ikot Ekpene",20290000,"ACE-5",0
97,1632,"rB78LYw7nv2","Ikot Ekpene Primary Health Centre","Akwa Ibom","Ikot Ekpene",20290000,"ACE-5",9890
98,1633,"th6DuyiCxCr","Ikot Ekpene Udo Cottage Hospital","Akwa Ibom","Nsit Ubium",20290000,"ACE-5",1686
99,1635,"wQbXqZui5JX","Ikot Ekwere Model Primary Health Centre","Akwa Ibom","Nsit Ubium",20290000,"ACE-5",792
100,1636,"dpwdySv7O4A","Ikot Epkene KP One Stop Shop","Akwa Ibom","Ikot Ekpene",20310000,"HAN-KP-CARE 1",15889
101,1637,"la2EIA7OXJ4","Ikot Idaha Primary Health Centre","Akwa Ibom","Ibiono Ibom",20290000,"ACE-5",483
102,1638,"NHl3PTFAptU","Ikot Ide Health Centre","Akwa Ibom","Essien Udim",20290000,"ACE-5",116
103,1639,"C1vafUnVo60","Ikot Iko Health Centre or  Nung Oku Health Centre","Akwa Ibom","Ibesikpo Asutan",20290000,"ACE-5",675
104,1640,"OW1YrtWD9gw","Ikot Obio Edim Health Centre","Akwa Ibom","Ibesikpo Asutan",20290000,"ACE-5",531
105,1641,"zFIutbAwvSN","Ikot Obio Inyang Primary Health Centre","Akwa Ibom","Etinan",20290000,"ACE-5",525
106,1642,"SkBX3Toxsby","Ikot Okoro General Hospital","Akwa Ibom","Oruk Anam",20290000,"ACE-5",20817
107,1643,"siGKb9DTTcY","Ikot Okubo Primary Health Centre","Akwa Ibom","Uyo",20290000,"ACE-5",1025
108,1644,"KwX0sJpQG48","Ikot Otoenyie Health Post","Akwa Ibom","Uruan",20290000,"ACE-5",271
109,1645,"La4N3pD6ObS","Ikot Out Health Centre","Akwa Ibom","Ikot Ekpene",20290000,"ACE-5",57
110,1646,"kfc3JYEMsJl","Ikot Udoe Health Centre","Akwa Ibom","Ikot Ekpene",20290000,"ACE-5",54
111,1647,"AO9H0p4eV9F","Ikot Utu Model Primary HC","Akwa Ibom","Obot Akara",20290000,"ACE-5",151
112,1648,"O7NJlDikfE3","Ikpa Ikot Uneke Primary Health Centre","Akwa Ibom","Ibiono Ibom",20290000,"ACE-5",155
113,1649,"CvrZviZXXes","Ikpe Annang General Hospital","Akwa Ibom","Essien Udim",20290000,"ACE-5",938
114,1650,"t9wRY1A0DLe","Ikpe Annang Health Centre","Akwa Ibom","Essien Udim",20290000,"ACE-5",124
115,1651,"afAd7DGCtCs","Ikpe Ikot Nkon General Hospital","Akwa Ibom","Ini",20290000,"ACE-5",8283
116,1652,"L9aOC5x6Dm8","Ikpe Oro Health Post","Akwa Ibom","Urue-Offong/Oruko",20290000,"ACE-5",98
117,1656,"IU4lXhgmRYl","Ima Abasi Maternity Home, Ekeya","Akwa Ibom","Okobo",20290000,"ACE-5",456
118,1665,"HfmNgrzgWEZ","Ituk Mbang Methodist General Hospital","Akwa Ibom","Uruan",20290000,"ACE-5",23480
119,1666,"DIL3yva3xDK","Iwerre Health Centre","Akwa Ibom","Ini",20290000,"ACE-5",89
120,1667,"Z19xPuBd18b","Iwuo Achang Health Post","Akwa Ibom","Ibeno",20290000,"ACE-5",534
121,1705,"Cmu3rczjJ3v","LifeCare Clinic","Akwa Ibom","Uyo",20290000,"ACE-5",463
122,1718,"zrmFDKuEwvY","Mary Slessor General Hospital","Akwa Ibom","Itu",20290000,"ACE-5",371
123,1723,"kag7R4lCgaf","Mbak Atai Operational Base Primary Health Center","Akwa Ibom","Itu",20290000,"ACE-5",261
124,1724,"JtzEimEaHSe","Mbak Etoi Primary Health Centre","Akwa Ibom","Uyo",20290000,"ACE-5",767
125,1725,"cSTWVVSUHkh","Mbia Obong Ikot Udofia Primary Health Centre","Akwa Ibom","Ini",20290000,"ACE-5",226
126,1726,"NAM9pHOsNfq","Mbiabong Itam Health Center","Akwa Ibom","Itu",20290000,"ACE-5",8213
127,1727,"YjxQYf0Wb3T","Mbiabong Primary Health Centre","Akwa Ibom","Uyo",20290000,"ACE-5",470
128,1728,"gNraY9lqY0q","Mbiaya Comprehensive Health Centre","Akwa Ibom","Uruan",20290000,"ACE-5",1438
129,1729,"vPSKCcxAeTR","Mbiokporo I Model Primary Health Centre","Akwa Ibom","Nsit Ibom",20290000,"ACE-5",600
130,1730,"Bd9zC4esWvG","Mbokpu Oduobo Primary Health Centre","Akwa Ibom","Okobo",20290000,"ACE-5",193
131,1731,"hBMgAL3QIyX","Mbokpu-Eyoakan Health Centre","Akwa Ibom","Urue-Offong/Oruko",20290000,"ACE-5",110
132,1877,"RuHdlmhOXxR","St Patricks Clinic","Akwa Ibom","Oron",20290000,"ACE-5",402
133,1737,"ICBVBTSD1Ez","Mercy Hospital","Akwa Ibom","Abak",20290000,"ACE-5",3055
134,1741,"FEqplgChAw6","Caleb (Miracle) Medical Centre","Akwa Ibom","Eket",20290000,"ACE-5",0
135,1743,"YCp9aLmSmMt","Mkpanak Primary Health Center","Akwa Ibom","Ibeno",20290000,"ACE-5",366
136,1744,"qsH4l8otzsd","Mkpat Enin Primary Health Centre","Akwa Ibom","Mkpat Enin",20290000,"ACE-5",10938
137,1753,"L9BtLFuM11b","Ndon Ebom Primary Health Center","Akwa Ibom","Uruan",20290000,"ACE-5",634
138,1754,"f2d3oP0aYEL","Ndon Utim Primary Health Centre","Akwa Ibom","Etinan",20290000,"ACE-5",355
139,1762,"SP2SZmnD5Z2","Nsan Health Centre","Akwa Ibom","Ibiono Ibom",20290000,"ACE-5",173
140,1763,"TTOoi0wF4G9","Nsit Atai Primary Health Centre","Akwa Ibom","Nsit Atai",20290000,"ACE-5",9798
141,1764,"wqFu0L5LcPF","Nsit Ubium Primary Health Centre","Akwa Ibom","Nsit Ubium",20290000,"ACE-5",11650
142,1765,"seGv5p45yEI","Ntak Inyang Model Primary Health Center","Akwa Ibom","Itu",20290000,"ACE-5",109
143,1766,"eIEQfJzXHKC","Ntan Ibiono Eduwem Clinic","Akwa Ibom","Ibiono Ibom",20290000,"ACE-5",502
144,1767,"LBgwDTw2C8u","Nto Edino Comprehensive Health Centre","Akwa Ibom","Obot Akara",20290000,"ACE-5",7006
145,1768,"uNmMXYmtxxt","Nto Edino Primary Health Centre","Akwa Ibom","Obot Akara",20290000,"ACE-5",191
146,1769,"xxKS86N6Lfm","Nto Etuk Udo Health Centre","Akwa Ibom","Ika",20290000,"ACE-5",323
147,1772,"IBL5Nck2ZZK","Nung Udoe Model Primary Health Centre","Akwa Ibom","Ibesikpo Asutan",20290000,"ACE-5",461
148,1773,"ZEzwS0h2jaP","Nung Udoe Primary Health Centre","Akwa Ibom","Ibesikpo Asutan",20290000,"ACE-5",13497
149,1774,"FMA9UDB6kWE","Nung Ukim Health Centre","Akwa Ibom","Ikono",20290000,"ACE-5",136
150,1775,"s04k18oAHbQ","Nwaniba Primary Health Centre","Akwa Ibom","Uruan",20290000,"ACE-5",359
151,1781,"kOsbI5PXTJp","Obot Akara Primary Health Centre","Akwa Ibom","Obot Akara",20290000,"ACE-5",113
152,1786,"qtxWJltd5lt","Odoro Ikpe Operational Base","Akwa Ibom","Ini",20290000,"ACE-5",104
153,1788,"bTaWOxebwQJ","Oduonim Health Post","Akwa Ibom","Urue-Offong/Oruko",20290000,"ACE-5",53
154,1796,"hURCKR0F6TX","Okobo General Hospital","Akwa Ibom","Okobo",20290000,"ACE-5",3542
155,1797,"Oj5Vfz8YO0F","Okopedi Primary Health Centre","Akwa Ibom","Okobo",20290000,"ACE-5",20018
156,1800,"ByosPb3uhpZ","Oku Model Health Centre Uyo","Akwa Ibom","Uyo",20290000,"ACE-5",209
157,1808,"yoSOoXriY80","Onna Comprehensive Health Centre","Akwa Ibom","Onna",20290000,"ACE-5",13207
158,1809,"KYGNqrZrhD7","Oron Operational Base Primary Health Centre","Akwa Ibom","Oron",20290000,"ACE-5",11687
159,1812,"OeJa4jlFOD7","Oron Christ Victory Medical Centre","Akwa Ibom","Oron",20290000,"ACE-5",334
160,1813,"ULIxtdPb4SY","Oron Eket Comprehensive Health Centre","Akwa Ibom","Eket",20290000,"ACE-5",555
161,1814,"ae7th0rTtXI","Oron General Hospital (Iquita)","Akwa Ibom","Oron",20290000,"ACE-5",24778
162,1815,"xtcq7SetHe8","Oron KP One Stop Shop","Akwa Ibom","Oron",20310000,"HAN-KP-CARE 1",8792
163,1816,"gqJLAa2yUxY","Oruk Anam Primary Health Centre","Akwa Ibom","Oruk Anam",20290000,"ACE-5",781
164,1817,"amXJpQydaBz","Oruko General Hospital","Akwa Ibom","Urue-Offong/Oruko",20290000,"ACE-5",11705
165,1820,"VV2YaEKzT3W","Oti Oro Primary Health Centre","Akwa Ibom","Okobo",20290000,"ACE-5",505
166,1822,"vVnDk5RgWyb","Our Lady of Lourdes Infirmary","Akwa Ibom","Uyo",20290000,"ACE-5",267
167,1824,"bpiu4ybCVk7","Oyoku Ibighi Health Centre","Akwa Ibom","Urue-Offong/Oruko",20290000,"ACE-5",180
168,1834,"Wpbeq1IYUGg","Premier Medical Centre","Akwa Ibom","Uyo",20290000,"ACE-5",917
169,1835,"JDpK41NqR4I","Priscon Clinic","Akwa Ibom","Oron",20290000,"ACE-5",474
170,1865,"OQS9c6ymKTk","Sheltered Specialist Hospital","Akwa Ibom","Uyo",20290000,"ACE-5",590
171,1883,"SvuAvAPSwgQ","St. Luke's Hospital Anua","Akwa Ibom","Uyo",20290000,"ACE-5",15267
172,1884,"VoO91UuuLWD","St. Mary's Hospital","Akwa Ibom","Essien Udim",20290000,"ACE-5",1403
173,1910,"zXsarb4djvA","Ubong Abasi Specialist Clinic","Akwa Ibom","Uyo",20290000,"ACE-5",224
174,1911,"NyAfbYPsCGy","Uda Health Centre","Akwa Ibom","Mbo",20290000,"ACE-5",611
175,1913,"iZhoeOKZldm","Uduak Abasi Clinic","Akwa Ibom","Abak",20290000,"ACE-5",938
176,1916,"JgABdnCf8Qn","Ukana Cottage Hospital","Akwa Ibom","Essien Udim",20290000,"ACE-5",12346
177,1917,"axdbSUSdU1I","Ukana East Primary Health Centre","Akwa Ibom","Essien Udim",20290000,"ACE-5",208
178,1918,"Y3V3tF7afSJ","Ukana Iba St Joseph's rehabilitation Center","Akwa Ibom","Essien Udim",20290000,"ACE-5",4334
179,1920,"GXzScsP7uSt","Ukpom Abak General Hospital","Akwa Ibom","Abak",20290000,"ACE-5",8805
180,1921,"zGSgjy46Jk7","Ukpom-Ikono Primary Health Centre","Akwa Ibom","Ikono",20290000,"ACE-5",119
181,1929,"zyNpCab6d3Z","University of Uyo Medical Centre","Akwa Ibom","Uyo",20290000,"ACE-5",2105
182,1930,"qlDibKC0IEv","University Teaching Hospital","Akwa Ibom","Uyo",20290000,"ACE-5",19710
183,1931,"hxMSGzxlJoy","Uquo Primary Health Centre","Akwa Ibom","Esit Eket",20290000,"ACE-5",715
184,1934,"Qohvpui82h3","Urua Inyang Primary Health Centre","Akwa Ibom","Ika",20290000,"ACE-5",4843
185,1935,"MhiC9GiE5lB","Use Abat St. Theresa's Hospital","Akwa Ibom","Ibiono Ibom",20290000,"ACE-5",779
186,1936,"QMs8rQLRnLB","Use Primary Health Centre","Akwa Ibom","Uruan",20290000,"ACE-5",334
187,1939,"tKkLrqCI2P1","Usuk Ibakasi Primary Health Centre","Akwa Ibom","Ini",20290000,"ACE-5",48
188,1940,"XEVEfbVmz3i","Utu Etim Ekpo Divine Love Hospital","Akwa Ibom","Etim Ekpo",20290000,"ACE-5",1039
189,1941,"RtB8GUggaMq","Uwem Foundation Specialist Hospital","Akwa Ibom","Oron",20290000,"ACE-5",230
190,1942,"xLnu33wq3qm","Uyenghe Primary Health Centre","Akwa Ibom","Mbo",20290000,"ACE-5",306
191,1943,"uEVMPceCov1","Uyo Base Primary Health Centre","Akwa Ibom","Uyo",20290000,"ACE-5",16998
192,1944,"TeUPDYF4sGG","Uyo Heartland Alliance Community Centre","Akwa Ibom","Uyo",20310000,"HAN-KP-CARE 1",30452
193,1945,"GNxyTCxwfNv","Uyo Police Hospital","Akwa Ibom","Uyo",20290000,"ACE-5",1869
194,1952,"ZKrlQUuBOkC","West Itam Public Health Center","Akwa Ibom","Itu",20290000,"ACE-5",3456
195,1433,"MpmpfU1fB1W","Apple Clinic","Bauchi","Bauchi",20260000,"ACE-2",489
196,1389,"BHkRzQsQgSl","Abubakar Tafawa Balewa University Teaching Hospital","Bauchi","Bauchi",20260000,"ACE-2",21773
197,1421,"lHZWSoEKUku","Alkaleri General Hospital","Bauchi","Alkaleri",20260000,"ACE-2",4446
198,1437,"bCq8A5XWjyg","Azare Federal Medical Centre","Bauchi","Katagum",20260000,"ACE-2",12223
199,1449,"xCya42gPOnU","Bauchi KP OSS","Bauchi","Bauchi",20320000,"SFH-KP-CARE 2",19085
200,1450,"ExiHYOsNk3q","Bayara Infectious Diseases Hospital","Bauchi","Bauchi",20260000,"ACE-2",17042
201,1458,"Xz63xHPUIiS","Bogoro General Hospital","Bauchi","Bogoro",20260000,"ACE-2",1889
202,1463,"dDjYg2AJ2Uh","Warji General Hospital","Bauchi","Warji",20260000,"ACE-2",1287
203,1479,"zNAZB14AXcS","Damban General Hospital","Bauchi","Dambam",20260000,"ACE-2",5025
204,1481,"E8JDdgJrLEO","Darazo General Hospital","Bauchi","Darazo",20260000,"ACE-2",3438
205,1482,"TmGBqInZVhq","Dass General Hospital","Bauchi","Dass",20260000,"ACE-2",3195
206,1544,"zefkaAepgSB","Gamawa General Hospital","Bauchi","Gamawa",20260000,"ACE-2",2317
207,1568,"wXZtro6nbKm","Giade General Hospital","Bauchi","Giade",20260000,"ACE-2",1350
208,1569,"qtC7BSzSU42","Giade Maternal & Child Health Clinic","Bauchi","Giade",20260000,"ACE-2",1475
209,1664,"nkN1spDorve","Itas General Hospital","Bauchi","Itas/Gadau",20260000,"ACE-2",2518
210,1670,"ZbULgMXKgbM","Jama'are General Hospital","Bauchi","Jama'are",20260000,"ACE-2",5792
211,1676,"OcFekRBRw8K","Kafin Madaki General Hospital","Bauchi","Ganjuwa",20260000,"ACE-2",3908
212,1683,"bwdwu8JzR88","Katagum Zaki General Hospital","Bauchi","Zaki",20260000,"ACE-2",1281
213,1704,"VL8xxIs8ink","Lere PHC","Bauchi","Tafawa-Balewa",20260000,"ACE-2",1128
214,1714,"e1wNZo2KVzh","Mararraba Primary Health Centre","Bauchi","Bauchi",20260000,"ACE-2",2430
215,1742,"ooKDMYJdMx4","Misau General Hospital","Bauchi","Misau",20260000,"ACE-2",7086
216,1760,"Kw2RkNdIiXq","Ni ima Consultant","Bauchi","Bauchi",20260000,"ACE-2",994
217,1761,"yz97bhSxBx3","Ningi General Hospital","Bauchi","Ningi",20260000,"ACE-2",7802
218,1830,"psgTbmKsVCn","Pohlycon Clinic","Bauchi","Bauchi",20260000,"ACE-2",506
219,1842,"f6kjRzEuJzu","Reemee Clinic","Bauchi","Bauchi",20260000,"ACE-2",1262
220,1867,"IwToYx767df","Shira Yana General Hospital","Bauchi","Shira",20260000,"ACE-2",1581
221,1887,"bQStBgfeo52","State Low Cost Primary Health Centre","Bauchi","Bauchi",20260000,"ACE-2",1012
222,1893,"l4M4UZXZ63H","Tafawa-Balewa General Hospital","Bauchi","Tafawa-Balewa",20260000,"ACE-2",4436
223,1900,"m2jjxq7eDXo","Toro General Hospital","Bauchi","Toro",20260000,"ACE-2",10571
224,1932,"bT2ZyZLk44k","Urban Maternity","Bauchi","Bauchi",20260000,"ACE-2",11783
225,1955,"LH4mky1erCW","Wuntin Dada Maternal and Child Health Clinic","Bauchi","Bauchi",20260000,"ACE-2",1184
226,1969,"TCJpqmlk9sK","Misau KP OSS","Bauchi","Misau",20320000,"SFH-KP-CARE 2",9416
227,1882,"zOcpMnPHG8G","St. George Hospital, Okutukutu","Bayelsa","Yenagoa",20300000,"ACE-6",2824
228,1401,"RCGjW1DW7Gl","Agudama Ekpetima General Hospital","Bayelsa","Yenagoa",20300000,"ACE-6",4963
229,1402,"cMNSAETndkr","Agudama Tobis Clinic and Consultants","Bayelsa","Yenagoa",20300000,"ACE-6",1132
230,1420,"HkCwpGHJ69N","Aleibiri Cottage Hospital","Bayelsa","Ekeremor",20300000,"ACE-6",9429
231,1423,"rrXtIriTtBY","Amassoma General Hospital","Bayelsa","Southern Ijaw",20300000,"ACE-6",7644
232,1488,"ZmhIOfFGyFd","Diete-Koki Memorial Specialist Hospital Yenegoa","Bayelsa","Yenagoa",20300000,"ACE-6",7791
233,1493,"sTlSdQL4Vfn","Ebederi Cottage Hospital","Bayelsa","Sagbama",20300000,"ACE-6",5817
234,1532,"PDYMEuWILSG","Family Support Program Clinic","Bayelsa","Yenagoa",20300000,"ACE-6",1217
235,1607,"eOrrK6aBIrt","Igbogene Tuberculosis and Leprosy Referral Centre","Bayelsa","Yenagoa",20300000,"ACE-6",1965
236,1657,"GKcLvNya0v1","Inri Etekwe Glory Land","Bayelsa","Yenagoa",20300000,"ACE-6",920
237,1691,"mSFwZ4NPQuY","Kolo General Hospital","Bayelsa","Ogbia",20300000,"ACE-6",3982
238,1694,"hkVNPOmvZrx","Kpansia Asueife New Life Hospital","Bayelsa","Yenagoa",20300000,"ACE-6",1537
239,1701,"JZL6IMoe5G3","Landmark Medical Centre","Bayelsa","Ogbia",20300000,"ACE-6",6341
240,1736,"SoQeEge5A3R","Mercy and Favour Clinic & Diagnostic Center","Bayelsa","Yenagoa",20300000,"ACE-6",3039
241,1755,"PqIG8tDLCBv","Nembe General Hospital","Bayelsa","Nembe",20300000,"ACE-6",10797
242,1756,"YAnAxydtYKq","New Survivor Hospital, Igbo Gene","Bayelsa","Yenagoa",20300000,"ACE-6",3792
243,1758,"PI23kX7kKce","Niger Delta University Teaching Hospital","Bayelsa","Yenagoa",20300000,"ACE-6",6167
244,1798,"uuRq7RHFOm4","Okpoama Cottage Hospital","Bayelsa","Brass",20300000,"ACE-6",9109
245,1806,"uODysfU48Tg","Olugbobiri CHC","Bayelsa","Southern Ijaw",20300000,"ACE-6",1363
246,1821,"FeJHkTR47jp","Otuasega Cottage Hospital","Bayelsa","Ogbia",20300000,"ACE-6",5009
247,1827,"Q0j6B6ZEPyg","Peremabiri Cottage Hospital","Bayelsa","Southern Ijaw",20300000,"ACE-6",3052
248,1856,"Ag7NgvhCbeD","Sagbama General Hospital","Bayelsa","Sagbama",20300000,"ACE-6",12548
249,1908,"VmAoro8EGIz","Twon-Brass General Hospital","Bayelsa","Brass",20300000,"ACE-6",10440
250,1959,"DBYxE32AtXd","Yenagoa Federal Medical Centre","Bayelsa","Yenagoa",20300000,"ACE-6",13155
251,1960,"kUCSZ6wNvJZ","Yenagoa OSS","Bayelsa","Yenagoa",20310000,"HAN-KP-CARE 1",29671
252,1434,"RWQP4pGxyYS","Askira General Hospital","Borno","Askira/Uba",20250000,"ACE-1",907
253,1457,"gF8UahvIXw9","Biu General Hospital","Borno","Biu",20250000,"ACE-1",4083
254,1461,"VZCEov8JZIe","Briyel General Hospital","Borno","Bayo",20250000,"ACE-1",751
255,1534,"o1xyfiaFzDG","FHI360 Clinic Banki IDP Camp","Borno","Bama",20250000,"ACE-1",198
256,1663,"oN0Woo9C7qb","ISS IDP Camp Clinic Ngala","Borno","Ngala",20250000,"ACE-1",625
257,1692,"gxpWWY8YvrW","Konduga General Hospital","Borno","Konduga",20250000,"ACE-1",170
258,1702,"bUhfkjY3yVP","Lassa General Hospital","Borno","Askira/Uba",20250000,"ACE-1",735
259,1710,"fakjSY6P1ED","Maiduguri State Specialist Hospital","Borno","Maiduguri",20250000,"ACE-1",9771
260,1748,"eJDSKTK7sO8","Monguno General Hospital","Borno","Monguno",20250000,"ACE-1",1514
261,1751,"bxBIxJ7LJ4Q","Muhammed Shuwa Memorial Hospital","Borno","Maiduguri",20250000,"ACE-1",5288
262,1922,"w4gxim2NiVj","Umaru Shehu Ultra Modern Hospital","Borno","Jere",20250000,"ACE-1",3411
263,1928,"FQ0Jc3pO5Op","University of Maiduguri Teaching Hospital","Borno","Jere",20250000,"ACE-1",23715
264,1784,"qiKhQYRyiMc","Obudu Clinic","Cross River","Obudu",20290000,"ACE-5",988
265,1409,"lDMW6zdM1hI","Akamkpa General Hospital","Cross River","Akamkpa",20290000,"ACE-5",4516
266,1410,"q8tjHpPgHAu","Akani Esuk Health Centre","Cross River","Calabar South",20290000,"ACE-5",864
267,1414,"B3qkvSTCE5I","Akpabuyo St Joseph Hospital","Cross River","Akpabuyo",20290000,"ACE-5",12415
268,1416,"sWPoQ1F0qcV","Akpet Central Cottage Hospital","Cross River","Biase",20290000,"ACE-5",4503
269,1475,"CQK2PPiXKcU","County Specialist Hospital","Cross River","Ikom",20290000,"ACE-5",488
270,1427,"PqoYAdGV7tM","Anantigha Primary Health Centre","Cross River","Calabar South",20290000,"ACE-5",796
271,1428,"XHXGJpskTtQ","Anderson Primary Health Centre","Cross River","Calabar South",20290000,"ACE-5",1204
272,1429,"Dvux7A7zw9Y","Aningeje Primary Health Centre","Cross River","Akamkpa",20290000,"ACE-5",529
273,1436,"X1b3ELB9LTX","Aya Medical Centre","Cross River","Biase",20290000,"ACE-5",342
274,1442,"nWMaBEIKXDv","Bakassi KP One Stop Shop","Cross River","Bakassi",20310000,"HAN-KP-CARE 1",9919
275,1443,"HGPAs1Y38ej","Bakor Medical centre","Cross River","Calabar Municipal",20290000,"ACE-5",898
276,1464,"BVEHIFI2Fea","Calabar General Hospital","Cross River","Calabar Municipal",20290000,"ACE-5",25234
277,1465,"t03z3S4HMeX","Calabar Municipal KP OSS","Cross River","Calabar Municipal",20310000,"HAN-KP-CARE 1",30767
278,1466,"sdO42TShMDc","Calabar South Family Health Centre","Cross River","Calabar South",20290000,"ACE-5",270
279,1467,"rwCzE0SdIor","Calabar Women and Children Hospital","Cross River","Calabar Municipal",20290000,"ACE-5",562
280,1476,"Jg82rXVgIjp","Ikot Enebong Health Post","Cross River","Calabar Municipal",20290000,"ACE-5",690
281,1477,"VtLu3s7tC8l","Cross River University of Science and Technology (CRUTECH) Medical Centre","Cross River","Calabar South",20290000,"ACE-5",792
282,1487,"vA2wulbOaP2","Diamond Hill Health Centre","Cross River","Calabar Municipal",20290000,"ACE-5",496
283,1490,"SC6fbTfQufS","Dr Lawrence Henshaw Memorial Hospital","Cross River","Calabar South",20290000,"ACE-5",18467
284,1498,"IWhCUSOysT0","Eja Memorial Hospital","Cross River","Abi",20290000,"ACE-5",2503
285,1500,"LMQcW0HyCBK","Ekana Medical Centre","Cross River","Obubra",20290000,"ACE-5",553
286,1503,"hZUBGSg9eB9","Ekorinim Health Centre","Cross River","Calabar Municipal",20290000,"ACE-5",617
287,1509,"Xb8UqZSE3u2","Ekpo Abasi Primary Health Centre","Cross River","Calabar South",20290000,"ACE-5",2931
288,1511,"CSK6FErktDd","Ekpri Obutong Health Centre","Cross River","Bakassi",20290000,"ACE-5",186
289,1513,"yv1jnvahDdk","Emmanuel Infirmiry","Cross River","Calabar Municipal",20290000,"ACE-5",1777
290,1517,"TqP0yUIXyDJ","Essierebom Primary Health Centre","Cross River","Calabar South",20290000,"ACE-5",678
291,1529,"VJqZlhpcpX8","Faith Foundation Clinic","Cross River","Calabar Municipal",20290000,"ACE-5",438
292,1571,"gSuWQicbYKV","Goldie Clinic","Cross River","Calabar South",20290000,"ACE-5",415
293,1583,"a3Q0ysm4zBc","Henshaw Town Health Post","Cross River","Calabar South",20290000,"ACE-5",885
294,1584,"GuCdZy1Pkkx","Hiltop Healthcare Foundation","Cross River","Calabar Municipal",20290000,"ACE-5",717
295,1585,"i4f2YNirAqU","Holy Family Catholic Hospital","Cross River","Ikom",20290000,"ACE-5",14862
296,1606,"ElfpnKDYLsM","Igbo-Imabana Model Primary Health Centre","Cross River","Abi",20290000,"ACE-5",349
297,1611,"ikK22AdDdjA","Ikang Primary Health Centre","Cross River","Bakassi",20290000,"ACE-5",3157
298,1613,"GU7GAjOSjpt","Ikom KP OSS- Virtual","Cross River","Ikom",20310000,"HAN-KP-CARE 1",8639
299,1627,"GnMobaPqjhE","Ikot Edem Odo Health Centre","Cross River","Akpabuyo",20290000,"ACE-5",466
300,1628,"XTWTNkwmuNQ","Ikot Effiong Otop Comprehensive Health Centre (UCTH Annex)","Cross River","Odukpani",20290000,"ACE-5",4590
301,1634,"aznDINlQE34","Ikot Ekpo Health Centre (Ward 10)","Cross River","Calabar Municipal",20290000,"ACE-5",524
302,1662,"BUJIxAfjuVT","Ishie Health Post","Cross River","Calabar Municipal",20290000,"ACE-5",962
303,1682,"PaUbHqs6Cmi","Kasuk Health Centre","Cross River","Calabar Municipal",20290000,"ACE-5",1952
304,1684,"fsL0vFUtlmw","Katchuan Irruan Model PHC","Cross River","Boki",20290000,"ACE-5",917
305,1713,"aG634TzZo19","Mambo Clinic","Cross River","Calabar South",20290000,"ACE-5",843
306,1735,"FfoxmHVeNxv","Melrose Hospital","Cross River","Ikom",20290000,"ACE-5",1271
307,1738,"gNfPmS9Pmbr","Mfamosing Primary Health Center","Cross River","Akamkpa",20290000,"ACE-5",2240
308,1745,"VJAGNlxdeyv","Mma Efa Health Centre","Cross River","Akamkpa",20290000,"ACE-5",4990
309,1749,"Xx0GEF0s5AY","Mount Zion Medical Centre","Cross River","Calabar South",20290000,"ACE-5",259
310,1776,"yHC4slVfeDb","Nyahasang Health Centre","Cross River","Calabar Municipal",20290000,"ACE-5",919
311,1777,"iY92EPCH3zM","Oba Comprehensive Health Centre","Cross River","Yala",20290000,"ACE-5",1048
312,1778,"V4JM5LpUxPZ","Oban Health Centre","Cross River","Akamkpa",20290000,"ACE-5",627
313,1779,"konOEZuZo9H","Obanliku General Hospital","Cross River","Obanliku",20290000,"ACE-5",2879
314,1782,"j8BrbYjIU9w","Obubra General Hospital","Cross River","Obubra",20290000,"ACE-5",2975
315,1783,"sUZAAfJqUlq","Obubra Maternal and Child Health Clinic","Cross River","Obubra",20290000,"ACE-5",4180
316,1785,"FTWttr8UUde","Obudu Urban1 Primary Health Centre","Cross River","Obudu",20290000,"ACE-5",697
317,1789,"kp2Wlc8KjBr","Ogoja Catholic Maternity Hospital","Cross River","Ogoja",20290000,"ACE-5",7151
318,1790,"EzCuaK16yja","Ogoja General Hospital","Cross River","Ogoja",20290000,"ACE-5",8143
319,1791,"QBFHlPuENip","Ogoja KP OSS","Cross River","Ogoja",20310000,"HAN-KP-CARE 1",10541
320,1792,"QFjvuIA6Idj","Ogoja Santa Maria Clinic","Cross River","Ogoja",20290000,"ACE-5",415
321,1799,"nnM3eUrZ8Sc","Okpoma General Hospital","Cross River","Yala",20290000,"ACE-5",477
322,1802,"gR8LIQkSMn8","Okundi Comprehensive Health Centre","Cross River","Boki",20290000,"ACE-5",5505
323,1826,"AfNYqbO40Ek","Peace medical centre","Cross River","Calabar South",20290000,"ACE-5",523
324,1831,"D0aCFnLFrJ1","Police Hospital","Cross River","Calabar Municipal",20290000,"ACE-5",769
325,1854,"FkAH7EayLSS","Sacred Heart Catholic Hospital","Cross River","Obudu",20290000,"ACE-5",6708
326,1914,"IdwG8w9urm9","Ugep General Hospital","Cross River","Yakurr",20290000,"ACE-5",11029
327,1919,"CUOBDrrXyZ2","Ukpem General Hospital","Cross River","Odukpani",20290000,"ACE-5",652
328,1926,"zYDjpVGyR6R","University of Calabar Medical Centre","Cross River","Calabar Municipal",20290000,"ACE-5",1546
329,1927,"IheVn83ZMpW","University of Calabar Teaching Hospital","Cross River","Calabar Municipal",20290000,"ACE-5",41715
330,1947,"g3sFSQA4zPy","Wanihem Comprehensive Health Centre","Cross River","Yala",20290000,"ACE-5",0
331,1957,"pqWOyGQHZqP","Yakurr KP One Stop Shop","Cross River","Yakurr",20310000,"HAN-KP-CARE 1",6856
332,1958,"MSSAPMbzfao","Yala Lutheran Hospital","Cross River","Yala",20290000,"ACE-5",2119
333,1878,"BVY7GQhKEOJ","St Philomena Catholic Hospital","Edo","Oredo",20300000,"ACE-6",3600
334,1880,"LORV7JnPq20","St. Camillus Hospital","Edo","Esan North-East",20300000,"ACE-6",4082
335,1819,"ev7p3ZXSypf","Ossiomio Specialist Hospital","Edo","Orhionmwon",20300000,"ACE-6",2270
336,1390,"XM5FIOVzxeq","Abudu General Hospital","Edo","Orhionmwon",20300000,"ACE-6",2910
337,1397,"sOytnsaHQHm","Afuze Referral Medical Centre","Edo","Owan East",20300000,"ACE-6",5462
338,1400,"q2JGDM361oa","Agenebode General Hospital","Edo","Etsako East",20300000,"ACE-6",2786
339,1419,"LliovAzxkgb","Alafia Specialist Hospital","Edo","Akoko-Edo",20300000,"ACE-6",4914
340,1435,"MuYD8OawdzS","Auchi Central Hospital","Edo","Etsako West",20300000,"ACE-6",24494
341,1452,"NpZ66HtziLp","Benin Central Hospital","Edo","Oredo",20300000,"ACE-6",32151
342,1453,"kEoPeO75AG2","Benin Evangel Model Hospital","Edo","Oredo",20300000,"ACE-6",2661
343,1510,"MbdvhJg5Jag","Ekpoma General Hospital","Edo","Esan West",20300000,"ACE-6",1086
344,1530,"qENsgINaipc","Faith Mediplex","Edo","Oredo",20300000,"ACE-6",10497
345,1596,"YPQQU02Is0Q","Ibillo General Hospital","Edo","Akoko-Edo",20300000,"ACE-6",1515
346,1605,"FsXKw0S3P1q","Igarra General Hospital","Edo","Akoko-Edo",20300000,"ACE-6",2619
347,1608,"BNvTkO5uvaN","Iguobazua General Hospital","Edo","Ovia South-West",20300000,"ACE-6",1257
348,1659,"NIulfQauxlQ","Irrua Specialist Hospital","Edo","Esan Central",20300000,"ACE-6",6002
349,1660,"NAGd5Q25uMa","Iruekpen General Hospital","Edo","Esan West",20300000,"ACE-6",1507
350,1780,"cihXXrU8ccN","Oben Cottage Hospital","Edo","Orhionmwon",20300000,"ACE-6",1380
351,1801,"hLmApvMWwhL","Okugbe Primary Health Centre","Edo","Etsako East",20300000,"ACE-6",5331
352,1810,"QYEUyQCxByE","Oriaifo Medical Centre","Edo","Esan North-East",20300000,"ACE-6",955
353,1853,"dPMz5hZCA4F","Sabongida Ora General Hospital","Edo","Owan West",20300000,"ACE-6",7479
354,1859,"bSGThj4mGr5","Santa Maria Catholic Hospital","Edo","Etsako West",20300000,"ACE-6",969
355,1888,"ClvpY2CmBNj","Stella Obasanjo Hospital","Edo","Oredo",20300000,"ACE-6",8198
356,1909,"FNn62Ztq2PG","Ubiaja General Hospital","Edo","Esan South-East",20300000,"ACE-6",3728
357,1912,"BdkPVpsPvY2","Udo Primary Health Centre","Edo","Ovia South-West",20300000,"ACE-6",2890
358,1925,"bz9lwL7ta7W","University of Benin Teaching Hospital (UBTH)","Edo","Egor",20300000,"ACE-6",36090
359,1933,"cnBWjGNRURc","Uromi Central Hospital","Edo","Esan North-East",20300000,"ACE-6",7097
360,1937,"nWEz7nGVta0","Usen General Hospital","Edo","Ovia South-West",20300000,"ACE-6",1514
361,2024,"ANblU3SrJb0","Dutse KP OSS","Jigawa","Dutse",20310000,"HAN-KP-CARE 1",17843
362,1439,"yMiSGVSdFjv","Babura General Hospital","Jigawa","Babura",20260000,"ACE-2",8106
363,1444,"wdDMO7hGPd9","Bamaina Primary Health Centre","Jigawa","Birnin Kudu",20260000,"ACE-2",2295
364,1455,"EgGUTcI2hMW","Birnin-Kudu Federal Medical Centre","Jigawa","Birnin Kudu",20260000,"ACE-2",7590
365,1456,"eaUGM1Cez6i","Birniwa General Hospital","Jigawa","Birniwa",20260000,"ACE-2",5248
366,1492,"a7UjUzng5CR","Dutse General Hospital","Jigawa","Dutse",20260000,"ACE-2",13146
367,1549,"ZagvON6QNVv","Gawuna Primary Health Centre","Jigawa","Hadejia",20260000,"ACE-2",3277
368,1572,"A4VsXrMgMv4","Gumel General Hospital","Jigawa","Gumel",20260000,"ACE-2",12114
369,1577,"oL6YZhJfAh7","Gwaram Cottage Hospital","Jigawa","Gwaram",20260000,"ACE-2",6606
370,1578,"tt3h2ApZs2w","Gwaram Primary Health Centre","Jigawa","Gwaram",20260000,"ACE-2",1761
371,1580,"dGWGBrHxH5l","Hadejia General Hospital","Jigawa","Hadejia",20260000,"ACE-2",15454
372,1668,"FxDuhc7a7mg","Jahun General Hospital","Jigawa","Jahun",20260000,"ACE-2",9012
373,1671,"kkXXkrDgjHX","Birnin Kudu General Hospital","Jigawa","Birnin Kudu",20260000,"ACE-2",6950
374,1674,"NeH5Pssl5JX","Kazaure General Hospital","Jigawa","Kazaure",20260000,"ACE-2",13741
375,1675,"QTDuxWidbcH","Kafin Hausa General Hospital","Jigawa","Kafin Hausa",20260000,"ACE-2",3275
376,1689,"j8eePYmxQMa","Kofar Arewa Primary Health Centre","Jigawa","Hadejia",20260000,"ACE-2",2768
377,1840,"DN4mnc2LSZw","Rasheed Shekoni Specialist Hospital","Jigawa","Dutse",20260000,"ACE-2",3435
378,1844,"VEB3JmuvRvA","Ringim General Hospital","Jigawa","Ringim",20260000,"ACE-2",6432
379,1871,"WVFumwCOfkQ","Sir Mohammed Sanusi General Hospital","Kano","Nasarawa",20260000,"ACE-2",10632
380,1404,"ti735gO0Yhm","Ahmadiyya Muslim Hospital","Kano","Nasarawa",20260000,"ACE-2",4088
381,1413,"JSyutI8V0t1","Akilu Memorial Primary Health Centre","Kano","Madobi",20260000,"ACE-2",4412
382,1417,"v5amiydkXFR","Al Noury Specialist Hospital","Kano","Tarauni",20260000,"ACE-2",10874
383,1425,"E5jz9JxYBuv","Aminu Kano Teaching Hospital","Kano","Tarauni",20260000,"ACE-2",31825
384,1451,"Zc6NntSEUuT","Bebeji General Hospital","Kano","Bebeji",20260000,"ACE-2",5010
385,1454,"iHPt9BTPDy6","Bichi General Hospital","Kano","Bichi",20260000,"ACE-2",5125
386,1473,"dFYjCTSglK9","Kiru Comprehensive Health Centre","Kano","Kiru",20260000,"ACE-2",7896
387,1478,"yNjhW4au9Gd","Dala Maternal and Child Health Clinic","Kano","Dala",20260000,"ACE-2",3854
388,1480,"oqoqv4gYI7b","Danbatta General Hospital","Kano","Danbatta",20260000,"ACE-2",4999
389,1483,"OYIdJmk5zld","Dawakin Kudu General Hospital","Kano","Dawakin Kudu",20260000,"ACE-2",5183
390,1484,"kUtyn0U4Zl4","Dawakin Tofa General Hospital","Kano","Dawakin Tofa",20260000,"ACE-2",4200
391,1489,"KrsNTx44G1I","Doguwa General Hospital","Kano","Doguwa",20260000,"ACE-2",5905
392,1523,"zcSL0a1oPEw","Evangelical Church of West Africa (ECWA) Clinic and Maternity","Kano","Nasarawa",20260000,"ACE-2",2758
393,1550,"kX8xnWAHMN1","Gaya General Hospital","Kano","Gaya",20260000,"ACE-2",9422
394,1566,"cDBBCOyZlvK","Gezewa General Hospital","Kano","Gezawa",20260000,"ACE-2",2058
395,1579,"EVCDM84gVrc","Gwarzo General Hospital","Kano","Gwarzo",20260000,"ACE-2",9591
396,1582,"RHLPUEDKJTO","Hasiya Bayero Paediatric Hospital","Kano","Kano Municipal",20260000,"ACE-2",14682
397,1658,"jLRtj3a2Tt2","International Clinic","Kano","Fagge",20260000,"ACE-2",3901
398,1679,"o7hgxd8M2UG","Kano Infectious Diseases Hospital","Kano","Fagge",20260000,"ACE-2",34021
399,1681,"DZxg34grxaq","Karaye Comprehensive Health Centre","Kano","Karaye",20260000,"ACE-2",1395
400,1686,"A30KxirCAp2","Khadijat Memorial Hospital (FGE)","Kano","Fagge",20260000,"ACE-2",4385
401,1687,"zPtoIxdY3Mo","Kibiya Primary Health Centre","Kano","Kibiya",20260000,"ACE-2",1381
402,1695,"FI1b1lrL3xn","Kumbotso Comprehensive Health Centre","Kano","Kumbotso",20260000,"ACE-2",3811
403,1696,"qkQLc203fsM","Kura General Hospital","Kano","Kura",20260000,"ACE-2",4093
404,1715,"PDVQpUxTXWh","Mariya Sanusi Primary Health Care","Kano","Ungogo",20260000,"ACE-2",3361
405,1747,"ClB8Ry98tWe","Mohammad Abdullahi Wase Hospital","Kano","Nasarawa",20260000,"ACE-2",7269
406,1752,"MI3hLVjIws5","Murtala Mohammed Specialist Hospital","Kano","Kano Municipal",20260000,"ACE-2",35744
407,1770,"JFPyJJ7irKh","Nuhu Bamalli Maternity Hospital","Kano","Kano Municipal",20260000,"ACE-2",4592
408,1839,"ldni2yzxkeF","Rano General Hospital","Kano","Rano",20260000,"ACE-2",3794
409,1843,"XsH3pb5MppK","Rijiyar Lemo Maternal Child Health","Kano","Fagge",20260000,"ACE-2",1246
410,1845,"dWH4Pf6d3E1","Rogo General Hospital","Kano","Rogo",20260000,"ACE-2",1976
411,1864,"gKQbBiMDnKy","Sheikh Mohammed Jidda General Hospital","Kano","Fagge",20260000,"ACE-2",6272
412,1889,"LCjPSP6NXnx","Sumaila General Hospital","Kano","Sumaila",20260000,"ACE-2",5555
413,1894,"PSbDeKmKCVe","Takai Comprehensive Health Centre","Kano","Takai",20260000,"ACE-2",7177
414,1897,"IwTrwdDosMz","Tiga General Hospital","Kano","Bebeji",20260000,"ACE-2",2639
415,1898,"pqhd2AjoRfc","Tofa Primary Health Centre","Kano","Tofa",20260000,"ACE-2",3111
416,1906,"WelDMwOKCUx","Tsanyawa Comprehensive Health Centre","Kano","Tsanyawa",20260000,"ACE-2",3416
417,1907,"jr0U0XTwpCo","Tudun Wada General Hospital","Kano","Tudun Wada",20260000,"ACE-2",7191
418,1923,"LYquSI9pG7Q","Unguwa Uku Maternal and Child Health Centre","Kano","Tarauni",20260000,"ACE-2",5076
419,1951,"tZy8wIM53xT","Waziri Shehu Gidado Hospital","Kano","Ungogo",20260000,"ACE-2",13995
420,1954,"iaFSfOCz1iJ","Wudil General Hospital","Kano","Wudil",20260000,"ACE-2",0
421,1965,"MryVbzxkYro","Zakirai Primary Health Centre","Kano","Gabasawa",20260000,"ACE-2",3013
422,1872,"Nr0rTv5UwPN","Sir Yahaya Mem. Hospital","Kebbi","Birnin Kebbi",20270000,"ACE-3",19333
423,1533,"bQRrBX1dImc","Federal Medical Centre","Kebbi","Birnin Kebbi",20270000,"ACE-3",19728
424,1540,"IiIYrVsq9rk","G.Hospital Yauri","Kebbi","Yauri",20270000,"ACE-3",25202
425,1541,"GBFvMIKcqNH","G.Hospital Koko/Besse","Kebbi","Koko/Besse",20270000,"ACE-3",11561
426,1542,"Ufkohku0hkU","G.Hospital Argungu","Kebbi","Argungu",20270000,"ACE-3",13121
427,1543,"mHOfmCd4X1a","G.Hospital Ngaski","Kebbi","Ngaski",20270000,"ACE-3",4469
428,1673,"hNUKXS8c50H","Jega","Kebbi","Jega",20270000,"ACE-3",13884
429,1678,"rSLoHKc0nGd","Kamba General Hospital","Kebbi","Dandi",20270000,"ACE-3",22078
430,1680,"sMllNyKolZf","Kaoje GH","Kebbi","Bagudo",20270000,"ACE-3",4370
431,1716,"gW4HoZwOJ9J","Zuru Martha Bamaiyi General Hospital","Kebbi","Zuru",20270000,"ACE-3",26055
432,1948,"zERoCg85K9p","Wasagu General Hospital","Kebbi","Danko/Wasagu",20270000,"ACE-3",20446
433,1972,"th3IMCg3lQ1","Birnin Kebbi KP OSS","Kebbi","Birnin Kebbi",20320000,"SFH-KP-CARE 2",23600
434,1873,"un3a9gnxQEb","Sobi Specialist Hospital","Kwara","Ilorin South",20280000,"ACE-4",10915
435,1875,"yg4o7R6rUaX","Specialist Hospital","Kwara","Offa",20280000,"ACE-4",10361
436,1392,"zxDfscRBIQc","Adewole Cottage","Kwara","Ilorin West",20280000,"ACE-4",4493
437,1405,"WmxTeqze4Wh","Aishat Memorial Hosp.","Kwara","Ilorin West",20280000,"ACE-4",2120
438,1469,"Odfkr0SdhLX","Children Specialist Hospital C Igboro","Kwara","Ilorin South",20280000,"ACE-4",5039
439,1470,"IxqO8NCc1Ob","Civil Services Hospitals","Kwara","Ilorin South",20280000,"ACE-4",5357
440,1515,"nOfLrqiF7BO","Erin Ile General Hospital","Kwara","Oyun",20280000,"ACE-4",4566
441,1554,"t0ulXCvDBCz","Gen. Hosp. Omu-Aran","Kwara","Irepodun",20280000,"ACE-4",10161
442,1560,"c25aNsYdMIH","General Hosp. Patigi","Kwara","Pategi",20280000,"ACE-4",2801
443,1567,"z55Ev0LmwRX","GH Lafiagi","Kwara","Edu",20280000,"ACE-4",3120
444,1655,"xw9ZidUeUnD","Ilorin General Hospital","Kwara","Ilorin West",20280000,"ACE-4",8332
445,1672,"UwB9W1eRxP7","Jebba State Specialist Hospital","Kwara","Moro",20280000,"ACE-4",2590
446,1677,"QT0xJgdAJm7","Kaiama General Hospital","Kwara","Kaiama",20280000,"ACE-4",3367
447,1795,"wI1GGGqAaTv","Okelele Health Centre","Kwara","Ilorin East",20280000,"ACE-4",852
448,1805,"dDqVRGSW06H","Olufadi Basic Health Center","Kwara","Ilorin South",20280000,"ACE-4",478
449,1851,"wPsILYNMF56","Sabo Oke Medical Centre","Kwara","Ilorin East",20280000,"ACE-4",1672
450,1869,"T7wzarlqHRl","Shonga Comprehensive Health Centre","Kwara","Edu",20280000,"ACE-4",5455
451,1891,"IMwORNA5Waz","Surulere Medical Centre","Kwara","Ilorin West",20280000,"ACE-4",1463
452,1896,"ubJhVteoYeS","Temitope Hospital","Kwara","Ilorin South",20280000,"ACE-4",1543
453,1915,"KHGqSLCG7rM","UITH","Kwara","Ilorin East",20280000,"ACE-4",10028
454,1879,"ddZRImcrhaO","St Raphael Divine Mercy Specialist Hospital","Lagos","Ikorodu",20300000,"ACE-6",1956
455,1399,"yoQfnOykofU","Agege KP One Stop Shop","Lagos","Agege",20310000,"HAN-KP-CARE 1",27672
456,1403,"my3FxDlRhzI","Ahamadiyya Muslim Hospital","Lagos","Apapa",20300000,"ACE-6",950
457,1406,"HOosZvIOTVg","Ajara Primary Health Centre","Lagos","Badagry",20300000,"ACE-6",2497
458,1407,"SEyGljwDspr","Ajeromi General Hospital","Lagos","Ajeromi/Ifelodun",20300000,"ACE-6",18880
459,1411,"J7FjUrPb2sL","Akere Primary Health Centre","Lagos","Ajeromi/Ifelodun",20300000,"ACE-6",1161
460,1412,"pHurIQKNsWD","Akerele Primary Health Centre","Lagos","Surulere",20300000,"ACE-6",2279
461,1422,"lzLciumbY6G","All Souls Hospital","Lagos","Ajeromi/Ifelodun",20300000,"ACE-6",316
462,1426,"QynRyL8KjTi","Amukoko Primary Health Centre","Lagos","Ajeromi/Ifelodun",20300000,"ACE-6",1455
463,1431,"Pz2IHYq2xsD","Apa Primary Health Centre","Lagos","Badagry",20300000,"ACE-6",351
464,1432,"bPHCezfUwaP","Apapa General Hospital","Lagos","Apapa",20300000,"ACE-6",6143
465,1440,"UzCw35LZV95","Badagry General Hospital","Lagos","Badagry",20300000,"ACE-6",14506
466,1441,"WyCV2IF8nVP","Badagry KP OSS- Virtual","Lagos","Badagry",20310000,"HAN-KP-CARE 1",10319
467,1445,"JOqyhnhH3M4","Baruwa Primary Health Centre","Lagos","Surulere",20300000,"ACE-6",375
468,1472,"oi20uK7Rp5J","Coker Aguda Primary Health Centre","Lagos","Surulere",20300000,"ACE-6",1029
469,1485,"WXKBjZojExZ","DEETAB Hospital","Lagos","Ajeromi/Ifelodun",20300000,"ACE-6",553
470,1491,"vigmnQGxoz4","Dunia Hospital","Lagos","Agege",20300000,"ACE-6",536
471,1499,"uaMxMXAlb8k","Ejire Primary Health Centre","Lagos","Surulere",20300000,"ACE-6",1260
472,1531,"PoaLWGah1Ft","Faleti Medical Centre","Lagos","Ajeromi/Ifelodun",20300000,"ACE-6",615
473,1551,"rp69pX7NNl2","Gbagada General Hospital","Lagos","Kosofe",20300000,"ACE-6",6604
474,1564,"MtfuMezMAiA","General Hospital Ijede","Lagos","Ikorodu",20300000,"ACE-6",3874
475,1565,"diPCa9GUMaJ","General Hospital Ikorodu","Lagos","Ikorodu",20300000,"ACE-6",16387
476,1581,"zvv5uWH8hNf","Harvey Road Comprehensive Health Centre","Lagos","Lagos Mainland",20300000,"ACE-6",2237
477,1589,"godWz2Ow5k3","Ibafon Primary Health Centre","Lagos","Ajeromi/Ifelodun",20300000,"ACE-6",236
478,1604,"Nid1f3KACfp","Iga Idugaran Primary Health Centre","Lagos","Lagos Island",20300000,"ACE-6",701
479,1609,"TzhekAB5jNB","Ijanikin Primary Health Centre","Lagos","Ojo",20300000,"ACE-6",2367
480,1610,"cgvllBRlUt6","Ijora Primary Health Centre","Lagos","Apapa",20300000,"ACE-6",810
481,1615,"AKu9vYBZN3w","Ikorodu KP OSS","Lagos","Ikorodu",20310000,"HAN-KP-CARE 1",17765
482,1653,"wr9qVe5a1vQ","Ilado PHC","Lagos","Badagry",20300000,"ACE-6",420
483,1697,"zyxDXEYBxqA","Lagos General Hospital","Lagos","Lagos Island",20300000,"ACE-6",14202
484,1698,"blh4REHlv0u","Lagos Island OSS- Virtual","Lagos","Lagos Island",20310000,"HAN-KP-CARE 1",34466
485,1699,"ixltW74M2ch","Lagos Island Maternity Hospital","Lagos","Lagos Island",20300000,"ACE-6",1860
486,1700,"kzjkCk8UnGR","Lagos State Mainland Hospital","Lagos","Lagos Mainland",20300000,"ACE-6",14267
487,1703,"K7lUFNe9aXC","Layeni Primary Health Centre","Lagos","Ajeromi/Ifelodun",20300000,"ACE-6",1346
488,1706,"DpZOtdkfW60","Ketu Primary Health Centre","Lagos","Kosofe",20300000,"ACE-6",6521
489,1720,"Zuz01IzErgM","Massey Street Children's Hospital","Lagos","Lagos Island",20300000,"ACE-6",6865
490,1721,"vZZ0OU8Skl0","MAYFAIR Medical Centre","Lagos","Agege",20300000,"ACE-6",599
491,1746,"A4hw6FQpJfX","Mobonike Hospital","Lagos","Agege",20300000,"ACE-6",1555
492,1759,"YYKhk7qR2W3","Nigerian Institute of Medical Research (NIMR)","Lagos","Lagos Mainland",20300000,"ACE-6",0
493,1787,"Y5ReWuj8W1M","Odunbaku Primary Health Centre","Lagos","Agege",20300000,"ACE-6",2457
494,1793,"hJnEYRxvSz2","Ojo KP OSS","Lagos","Ojo",20310000,"HAN-KP-CARE 1",14277
495,1794,"YE1lCEtYmen","Ojo Primary Health Centre","Lagos","Ojo",20300000,"ACE-6",9404
496,1804,"wh1fufa69db","Olojowon Primary Health Centre","Lagos","Apapa",20300000,"ACE-6",835
497,1807,"rbNoobbUgpn","Onikan Health Centre","Lagos","Lagos Island",20300000,"ACE-6",2445
498,1811,"XxYNIkLVpEa","Orile Agege General Hospital","Lagos","Agege",20300000,"ACE-6",9178
499,1823,"jYwlPVWe1Of","Oyem's Hospital","Lagos","Ojo",20300000,"ACE-6",1248
500,1833,"NhvF5diSS13","Powerline Primary Health Centre","Lagos","Agege",20300000,"ACE-6",514
501,1836,"wzSzRiZrZTF","Promise Medical Centre","Lagos","Agege",20300000,"ACE-6",1555
502,1838,"J3Rct6AHcSm","Randle General Hospital","Lagos","Surulere",20300000,"ACE-6",8170
503,1841,"FMV3Cu3WZmN","RCCG-RedeemAid Programme Action Committee CSO (Lagos)","Lagos","Lagos Mainland",20300000,"ACE-6",1233
504,1855,"gXNwPNpiX7D","Sacred Heart Clinic","Lagos","Apapa",20300000,"ACE-6",337
505,1857,"EnyrCHOxsJ3","Sango Primary Health Centre","Lagos","Agege",20300000,"ACE-6",11811
506,1862,"aGuDfDDP3kA","Seme Primary Health Centre","Lagos","Badagry",20300000,"ACE-6",635
507,1868,"O7WFDibihvb","Shomolu GH","Lagos","Shomolu",20300000,"ACE-6",5879
508,1870,"PeH3XKs9FBu","Simpson Primary Health Centre","Lagos","Lagos Mainland",20300000,"ACE-6",2688
509,1885,"llIuPTntSEw","St. Milla Hospital","Lagos","Ajeromi/Ifelodun",20300000,"ACE-6",368
510,1890,"s3DOqj9T8aD","Sura Primary Health Centre","Lagos","Lagos Island",20300000,"ACE-6",977
511,1899,"be2XWFgdUFW","Tolu Primary Health Centre","Lagos","Ajeromi/Ifelodun",20300000,"ACE-6",1489
512,1924,"bJl8BHYrNFG","Unita Hospital","Lagos","Agege",20300000,"ACE-6",994
513,1398,"XgAwGBrGbeg","Agaie General Hospital","Niger","Agaie",20280000,"ACE-4",1291
514,1418,"uMEtGqxOKrJ","Al-Azeez Medical Centre Kontagora","Niger","Kontagora",20280000,"ACE-4",489
515,1424,"oUA45oloVUN","Aminu Isah Kontagora General Hospital Bangi","Niger","Mariga",20280000,"ACE-4",529
516,1448,"mFpf0FXTHzL","BASIC HEALTH BEJI","Niger","Bosso",20280000,"ACE-4",883
517,1468,"HwtnV8T9Ez0","CHC ZUNGERU","Niger","Wushishi",20280000,"ACE-4",1535
518,1537,"sxh43Q2fp9k","FMC BIDA","Niger","Bida",20280000,"ACE-4",6070
519,1539,"W253OQ4f8sy","G. HOSP MOKWA","Niger","Mokwa",20280000,"ACE-4",4162
520,1555,"r0EtZzrlrYb","GEN.HOSP BIDA","Niger","Bida",20280000,"ACE-4",6602
521,1556,"PLrNBrw12w4","GEN.HOSP. Bussa-New","Niger","Borgu",20280000,"ACE-4",4505
522,1557,"qadjYTdccOC","GEN.HOSPITAL Chanchaga","Niger","Chanchaga",20280000,"ACE-4",10520
523,1558,"IftOhYkOxD2","GENERAL HOSP KUTIGI KUTIGI","Niger","Lavun",20280000,"ACE-4",1406
524,1559,"MviB6BlDITF","GENERAL HOSP SULEJA","Niger","Suleja",20280000,"ACE-4",13120
525,1562,"D22YzjCtgyM","GENERAL HOSPITAL  T MAGAJIYA","Niger","Rijau",20280000,"ACE-4",1409
526,1570,"yxClkk4SCzL","GNERAL HOSP- KAGARA","Niger","Rafi",20280000,"ACE-4",2571
527,1591,"aGpasZzMXCH","IBB SPECIALIZES HOSP","Niger","Chanchaga",20280000,"ACE-4",4459
528,1693,"Znb4nTT8QvI","Kontagora General Hospital","Niger","Kontagora",20280000,"ACE-4",8292
529,1707,"nI66rtJTsr9","LUCAS HOPSITAL","Niger","Suleja",20280000,"ACE-4",154
530,1708,"oenKdeklMdy","MADALLA MEMDICAL CENTRE","Niger","Suleja",20280000,"ACE-4",156
531,1733,"boIwPPchmTK","MCH GULU","Niger","Lapai",20280000,"ACE-4",367
532,1740,"wZTPrbae9ie","Minna OSS","Niger","Chanchaga",20310000,"HAN-KP-CARE 1",25317
533,1803,"tCyeaSytxmN","OLD AIRPORT CLINIC","Niger","Chanchaga",20280000,"ACE-4",1115
534,1828,"IPmL9mwpO8p","PHC BOSSO SEC.","Niger","Bosso",20280000,"ACE-4",727
535,1846,"TBmwZ9LSHfO","RURAL HOSP","Niger","Shiroro",20280000,"ACE-4",3041
536,1847,"bK531CImu0U","RURAL HOSP- AUNA","Niger","Magama",20280000,"ACE-4",313
537,1848,"a8QWl1dG6L0","RURAL HOSP WUSHISHI","Niger","Wushishi",20280000,"ACE-4",362
538,1849,"AhMWg4BfCR3","RURAL HOSPITAL LAPAI","Niger","Lapai",20280000,"ACE-4",2627
539,1850,"J9ESFJXtePB","RURAL HOSPITAL S PAWA","Niger","Muya",20280000,"ACE-4",394
540,1852,"iFnNa3eXIu7","SABON WUSE GEN. HOSP","Niger","Tafa",20280000,"ACE-4",8311
541,1861,"IhmTYwfsajE","SAVANAH HOSPITAL","Niger","Chanchaga",20280000,"ACE-4",681
542,1863,"A2O8vKakKks","SHEHU SHAGARI GENERAL HOSPITAL NASKO","Niger","Magama",20280000,"ACE-4",861
543,1886,"AhmA0wHmVE1","STANDARD HOSPITAL","Niger","Chanchaga",20280000,"ACE-4",1998
544,1892,"riRU6FlJVVR","SUZAN HOPSITAL","Niger","Suleja",20280000,"ACE-4",335
545,1902,"nnilM3jDaXI","TOWN CLINIC","Niger","Suleja",20280000,"ACE-4",132
546,1950,"NnWGTRUw6lG","WAWA BHC","Niger","Borgu",20280000,"ACE-4",518
547,1876,"AFtz58N0L6c","Specialist Hospital- Sokoto","Sokoto","Sokoto South",20270000,"ACE-3",30639
548,1561,"y9g73y2KvTz","General Hospital  Dogon Daji","Sokoto","Tambuwal",20270000,"ACE-3",11776
549,1563,"l9SjuTi1FWG","General Hospital Tambuwal","Sokoto","Tambuwal",20270000,"ACE-3",6708
550,1586,"LL6jopCDukP","Holy Family Clinic","Sokoto","Sokoto North",20270000,"ACE-3",1312
551,1654,"wLVsKQeLovq","Ilela General Hospital","Sokoto","Illela",20270000,"ACE-3",4072
552,1661,"WggMENECm56","Isa General Hospital","Sokoto","Isa",20270000,"ACE-3",1270
553,1690,"t0jgNrpHrZk","Kofar Rini Primary Health Centre","Sokoto","Sokoto North",20270000,"ACE-3",3991
554,1719,"sCJI7AumkSI","Maryam Abacha Women & Children Hospital","Sokoto","Sokoto South",20270000,"ACE-3",6005
555,1837,"X4essdlWla1","Rabah General Hospital","Sokoto","Rabah",20270000,"ACE-3",3210
556,1860,"f7pc95EBAq1","Sanyinna Primary Health Centre","Sokoto","Tambuwal",20270000,"ACE-3",947
557,1938,"QyGta1aWcQl","Usman DanFodio University Teaching Hosp","Sokoto","Wamako",20270000,"ACE-3",7018
558,1953,"oXvC0skZyEv","Women and Children Welfare Clinic","Sokoto","Sokoto North",20270000,"ACE-3",1626
559,1956,"VdCGl06sMSO","Wurno General Hospital","Sokoto","Wurno",20270000,"ACE-3",5137
560,1970,"R3rzxyzlNgM","Sokoto KP OSS","Sokoto","Sokoto North",20320000,"SFH-KP-CARE 2",16167
561,1995,"q1D4GdFPtqJ","Christian Reformed Church in Nigeria CRCN Hospital Wukari","Taraba","Wukari",20330000,"TMEC - RISE",1785
562,1996,"Aocjg00w77E","Federal Medical Centre Jalingo","Taraba","Jalingo",20330000,"TMEC - RISE",7751
563,1997,"DVlcYRf680L","First Referral Hospital Baissa","Taraba","Kumi",20330000,"TMEC - RISE",2326
564,1998,"wSzsuzrAmU1","First Referal Hospital Donga","Taraba","Donga",20330000,"TMEC - RISE",6168
565,1999,"dlzwTad81iz","First Referral Hospital Lau","Taraba","Lau",20330000,"TMEC - RISE",955
566,2000,"KGNkYub5Oxq","First Referral Hospital Mutum Biyu","Taraba","Gassol",20330000,"TMEC - RISE",9673
567,2001,"IvofjQjgSeE","First Referral Hospital Sunkani","Taraba","Ardo Kola",20330000,"TMEC - RISE",2850
568,2002,"JPBcTpp6XUu","Abubakar Barde First Referral Hospital","Taraba","Yorro",20330000,"TMEC - RISE",944
569,2003,"zZXDNWVezMV","First Referral Hospital Serti","Taraba","Gashaka",20330000,"TMEC - RISE",1956
570,2004,"DgTi7GSbUAE","First Referral Hospital Ibi","Taraba","Ibi",20330000,"TMEC - RISE",2535
571,2005,"wr9dSNAmnWp","GECHAAN Lifeline Center","Taraba","Sardauna",20330000,"TMEC - RISE",4749
572,2006,"KTsdxBrj1K8","General Hospital Bali","Taraba","Bali",20330000,"TMEC - RISE",5294
573,2007,"kwnTWvSacEg","General Hospital Bambur","Taraba","Karim Lamido",20330000,"TMEC - RISE",1618
574,2008,"FLdJ1UojpI5","General Hospital Gembu","Taraba","Sardauna",20330000,"TMEC - RISE",2081
575,2009,"YFOBz4PMuNV","Haruna Tsokwa Memorial General Hospital","Taraba","Takum",20330000,"TMEC - RISE",4531
576,2010,"JqquBCRr5Ie","General Hospital Warwar","Taraba","Sardauna",20330000,"TMEC - RISE",1182
577,2011,"M0b885TVP1Q","General Hospital Zing","Taraba","Zing",20330000,"TMEC - RISE",5123
578,2012,"B0V6x5le9Tj","General Hospital Wukari","Taraba","Wukari",20330000,"TMEC - RISE",9954
579,2013,"iWJPpf18IyU","Government House Clinic","Taraba","Jalingo",20330000,"TMEC - RISE",4283
580,2014,"GHUokYisiZe","Jinya Medical Centre","Taraba","Jalingo",20330000,"TMEC - RISE",2513
581,2015,"Uyo9Hpc3vql","Kwararrafa Hospital","Taraba","Wukari",20330000,"TMEC - RISE",955
582,2016,"sP8QEwb0SXo","Mambilla Baptist Hospital","Taraba","Sardauna",20330000,"TMEC - RISE",1729
583,2017,"rmGHrOrVW9r","Rapha Hospital","Taraba","Takum",20330000,"TMEC - RISE",2985
584,2018,"qaVq74gMDhs","Sancta Maria Clinic Bali","Taraba","Bali",20330000,"TMEC - RISE",1338
585,2019,"wRBooaCoKz6","St. Monica’s Health Centre Yakoko","Taraba","Zing",20330000,"TMEC - RISE",356
586,2020,"C8zbhPQNbPk","Sun Shine Clinic Baissa","Taraba","Kumi",20330000,"TMEC - RISE",746
587,2021,"FWEjuDChsDH","Taraba Specialist Hospital Jalingo.","Taraba","Jalingo",20330000,"TMEC - RISE",6677
588,2022,"RFVNndb3OKN","United Methodist Church of Nigeria UMCN Hospital","Taraba","Zing",20330000,"TMEC - RISE",2439
589,2023,"wC0drfSNmV4","Ummah Clinic","Taraba","Jalingo",20330000,"TMEC - RISE",1127
590,1535,"OQYeCajbh5G","Fika General Hospital","Yobe","Fika",20250000,"ACE-1",415
591,1547,"VUQpWeYseot","Gashua General Hospital","Yobe","Bade",20250000,"ACE-1",1918
592,1553,"JcYmXdOSndf","Geidam General Hospital","Yobe","Geidam",20250000,"ACE-1",1433
593,1669,"nX6ReqpEjKZ","Jakusko General Hospital","Yobe","Jakusko",20250000,"ACE-1",332
594,1757,"LN72HGCti4v","Nguru Federal Medical Centre","Yobe","Nguru",20250000,"ACE-1",3641
595,1832,"z6APuLTiHAX","Potiskum General Hospital","Yobe","Potiskum",20250000,"ACE-1",7694
596,1858,"sBzJ4tnvCMD","Sani Abacha Specialist Hospital","Yobe","Damaturu",20250000,"ACE-1",4974
597,1430,"CLV2IpJqFN9","Anka General Hospital","Zamfara","Anka",20270000,"ACE-3",2356
598,1462,"FNp2uKYIpZa","Bungudu General Hospital","Zamfara","Bungudu",20270000,"ACE-3",2071
599,1573,"MG3peZmxoZ4","Gummi General Hospital","Zamfara","Gummi",20270000,"ACE-3",8220
600,1574,"ZrXopbQTVQk","Gusau FMC","Zamfara","Gusau",20270000,"ACE-3",16133
601,1575,"JE1UGqhTRRi","Gusau Gen Hosp","Zamfara","Gusau",20270000,"ACE-3",3137
602,1685,"klmH3rufFzM","Kaura Namoda General Hospital","Zamfara","Kaura Namoda",20270000,"ACE-3",2908
603,1688,"HBed8BbOFGL","King Fahad WCWC","Zamfara","Gusau",20270000,"ACE-3",2832
604,1709,"gAyhPRmy7qA","Magami PHC","Zamfara","Gusau",20270000,"ACE-3",2057
605,1717,"nSKjtT6Gluq","Maru General Hospital","Zamfara","Maru",20270000,"ACE-3",1722
606,1866,"eaFdjHVt2JA","Shinkafi Gen Hosp","Zamfara","Shinkafi",20270000,"ACE-3",1225
607,1895,"x28h6GM4JaJ","Talata Mafara General Hospital","Zamfara","Talata Mafara",20270000,"ACE-3",7399
608,1905,"QZtaXaScocF","Tsafe General Hosp","Zamfara","Tsafe",20270000,"ACE-3",6112
609,1961,"wqwVSiQtdPr","Yerima Bakura Specialist Hospital","Zamfara","Gusau",20270000,"ACE-3",7873
610,1971,"fVcjpsyeO4q","Gusau KP OSS","Zamfara","Gusau",20320000,"SFH-KP-CARE 2",19269
611,1829,"GxSUmojRHpC","Minna Maternal and Child Health Tunga","Niger","Chanchaga",20280000,"ACE-4",1029
612,2025,"cYdxH1tF7Di","Maiduguri KP OSS","Borno","Maiduguri",20320000,"SFH-KP-CARE 2",20866
613,1588,"Gm09bC53qeR","Iba Primary Health Centre","Lagos","Ojo",20300000,"ACE-6",1346
614,2026,"rAiIIiFFqMN","Damaturu KP One Stop Shop- Virtual","Yobe","Damaturu",20310000,"HAN-KP-CARE 1",4434
615,1734,"svjTbtRNldx","Kaffin Koro General Hospital","Niger","Paikoro",20280000,"ACE-4",350
617,1732,"NcHykmnJlCo","Family Medicine Practice Centre Gawubabangida","Niger","Gurara",20280000,"ACE-4",2857
618,1438,"e2ghLPzhRsA","Azare General Hospital","Bauchi","Katagum",20260000,"ACE-2",2928
619,2029,"cADlYnc1OXj","Edo State One Stop Shop (OSS) - Benin","Edo","Oredo",20310000,"HAN-KP-CARE 1",4436
620,2030,"cmkm8UQpvWk","Taraba KP OSS","Taraba","Jalingo",20320000,"SFH-KP-CARE 2",12778
621,2027,"f0J277xHATh","Kano State One Stop Shop (OSS)","Kano","Nasarawa",20320000,"SFH-KP-CARE 2",12700
